春,第1回〈大正13年）,4月1日、名古屋市郊外八事（やごと）の山本球場に「過去一年間の試合で最強チームと認められた」8校が出場、川崎卓吉名古屋市長の始球式で開幕。新調の紫紺の大優勝旗は高松商・野村栄一主将へ―。
春,第2回（大正14年）,選考委員会制度が確立。舞台は前年夏完成の阪神甲子園球場に。個人賞を制定し山下実（第一神港商）が2ホーマーで、本塁打賞を受賞。出場12校。
春,第3回（大正15年）,出場校は第l回大会に比べて倍増のl6校。同一地域の初戦同士打ちを避けるなど抽選に新機軸を打ち出した。
春,第4回（昭和2年）,大正天皇崩御の国喪に服し、出場校数を縮小、初めて補欠校を選び期間も3日間で行われた。破天荒の新企画といわれた優勝チームの米国遠征の初切符は、和歌山中が手中に収めた。出場8校。
春,第5回（昭和3年）,熱戦の模様が初めてJOBK（NHK大阪放送局）の電波に乗った。優勝候補の筆頭和歌山中を降して栄冠は伏兵の関西学院中に輝いた。優勝校に優勝盾が贈られる。
春,第6回（昭和4年）,補欠校制度が発足。校名プラカードの先導、勝利校の栄誉をたたえる校歌吹奏と校旗掲揚など新しい趣向も続々。大会終了後、アルプススタンドが完成。
春,第7回（昭和5年）,第一神港商が2連覇、その立役者・岸本正治投手が54奪三振の大会記録。1大会で3満塁本塁打の新記録。台湾から台北一中が初出場。準優勝盾が制定され、準優勝校もダイヤモンド中央に整列。
春,第8回（昭和6年）,゛蒼空高き甲子園…〟の初代大会歌誕生。背番号がこの大会だけ試験的に採用された。灰山元治投手（広島商）が坂出商相手に大会初の無安打無得点試合。出場l9校。
春,第9回（昭和7年）,野球統制訓令の施行により、優勝校の米国見学中止。外野フェンスに歴代優勝校の校板を掲示。楠本保投手（明石中）が大会初の全員奪三振を2度にわたって記録。出場校20校。
春,第10回（昭和8年）,前年優勝校の無条件出場をやめ、戦力をチェックしてから判断することになった。現実には戦前ずっと、前年優勝校の出場が続いた。記念大会のため、それまで最多の32校出場。優勝、準優勝メダルの贈呈とともに準優勝チームヘ深紅の準優勝旗を贈る。岐阜商が初優勝し“東海王国”の礎を築く。
春,第11回（昭和9年）,開閉会式を飾る゛陽は舞いおどる甲子園……，の2代目大会歌誕生。享栄商の近藤金光投手が5試合（再試合を含む）60イニングをl人で投げ抜く新記録。出場校20校。
春,第12回（昭和l0年）,浪華商が出場辞退第1号、補欠一位の中京商が代わって出場。東海三強の中から岐阜商が抜け出して2度目の栄冠獲得。
春,第13回（昭和11年）,岐阜商、東邦商、岐阜商に次いて愛知商が優勝し、東海勢大暴れの4連覇。7月、甲子園外野スタンドの大改造。
春,第14回（昭和l2年）,スクールカラーに校章をあしらった選抜旗を出場全チームに授与。浪華商が大阪勢で優勝一番乗り。滝川中が対浦和中戦で―試合最多の27得点の新記録。
春,第15回（昭和l3年）,野口二郎投手が史上初の4試合連続完封の快挙を成し遂げ、中京商初優勝の原動力となる。
春,第16回（昭和14年）,チーム大会通算最多の73安打に、59最多得点をあげた猛打・東邦商が2度目の優勝をとげる。JOBKが解説入りで実況中継。
春,第17回（昭和15年）,大島信雄投手が史上2人目の4試合連続完封で、栄冠は三たび岐阜商に輝く。
春,第18回（昭和l6年）,風雲急を告げるなか、東邦商が岐阜商に続く3度目の優勝で戦前を終え、空白期に入った。甲子園名物の鉄さんは18年に供出。出場16校。
春,第19回（昭和22年）,5年の中断を経て「甲子園原頭の春回る」（俳人・田村木国）。徳島商が昭和10年の初出場以来〝五度目の正直〟で初優勝。出場26校。
春,第20回（昭和23年）,学制改革により「第一回選抜高校野球大会」と名称を変更。選考委員会に地区別小委員会ができる。決勝は京都勢の争いとなり、京都一商が京都二商を降した。出場16校。
春,第21回（昭和24年）,地元の北野（大阪）が強豪を押しのけて初優勝。ホームベースに闘志、友情の頭文字「F」をデザイン化した全国高校野球連盟（現日本高等学校野球連盟）旗ができる。
春,第22回（昭和25年）,韮山が初出場で優勝。これまで全国から一括選出していた補欠校制度を地区別選出に改正。電報、郵便サービスカーが甲子園初出場。
春,第23回（昭和26年）,補欠校を選外優秀校と改める。全力疾走の鳴門が、3試合連続の逆転劇で初優勝。
春,第24回（昭和27年）,ジュラルミン製の銀傘が復活。NHKだけだったラジオ実況放送に新日本放送（現毎日放送）が加わる。静岡商が田所善次郎投手の史上3人目の4試合連続完封で優勝。出場18校。
春,第25回（昭和28年）,秋季練習の一週間を入場行進にあてた新進･洲本が堂々の〝優勝行進〟。ポジションどおりの背番号が復活した。出場19校。
春,第26回（昭和29年）,160センチの小さな大投手・光沢毅の快投で飯田長姫が初出場で優勝。NHKのTV放送始まる。出場19校。
春,第27回（昭和30年）,一関一（岩手）が東北勢として初出場。大会回数を戦前からの通算に戻す。戦後初の2本塁打を放った坂崎を中心に浪華商打線が火を噴き、18年ぶり2回目の優勝。出場20校。
春,第28回（昭和31年）,中京商が再び栄冠獲得、富田虎人が8連続安打の大会新記録で花を添える。大会後、甲子園ナイター設備完成。
春,第29回（昭和32年）,選考委員会の小委員会がブロック化。王投手を擁する早稲田実が優勝。初めて大旗の箱根越えが実現。「高校野球はまずチームプレー」の見地から個人賞が廃止された。
春,第30回（昭和33年）,大旗は、済済黌の優勝で初めて九州に。興国商―坂出商は大会史上初のナイター。出場23校。
春,第31回（昭和34年）,皇太子殿下のご成婚当日、東海のライバル同士が激突し、中京商が岐阜商を降して三たび優勝。選手の健康管理の上から延長戦が18回で打ち切られることになった。
春,第32回（昭和35年）,高松商が山ロ富士雄の優勝戦史上初のサヨナラ本塁打で米子東をうっちゃり、36年ぶりに優勝。沖縄から那覇が初出場、牧志清順主将が力強く宣誓した。沖縄の特別枠は本土返還に伴って第45回大会（48年）から廃止。今川敬三投手（秋田商）が74球の最少投球数の新記録。
春,第33回（昭和36年）,初出場の法政二が前年夏に続いて春も制覇。怪童といわれた浪商・屋崎行雄も準々決勝で優勝投手、柴田勲に投げ負ける。
春,第34回（昭和37年）,補欠校と選外優秀校の二段構えに。作新学院が高校野球史上初の春夏連覇を達成した。
春,第35回（昭和38年）,新調の゛二代目優勝旗、は剛腕・池永の下関商へ。傷みの激しい旧優勝旗は日本高等学校野球連盟に永久保存。PL学園の戸田善紀投手が、首里相手に全員の21奪三振、33年ぶりに大会記録を塗り変える。出場28校。
春,第36回（昭和39年）,徳島海南―尾道商による史上初の初出場同士の優勝戦は尾崎将司の海南に軍配。束京オリンピックの年に当たり，五輪旗の入場が開会式を盛りあげる。出場23校。
春,第37回（昭和40年）,平松政次投手が史上4人目の4試合連続完封で岡山東商初優勝。合わせて39イ二ング連続無失点記録も樹立。打では市和歌山商の藤田平が個人1試合2本塁打。出場24校。
春,第38回（昭和41年）,中京商が4度の最多優勝、作新学院に続いて夏も制覇。中京商―宇部商が延長15回、4時間35分の最長時間試合を記録。
春,第39回（昭和42年）,津久見が九州へ2度目の優勝をもたらす。
春,第40回（昭和43年）,記念大会事業として、出場校が都道府県の木を持ち寄り、完工間近の中沢記念野球会館に記念植樹。大宮工が初出場で優勝。出場30校。
春,第41回（昭和44年）,三重が12一0で堀越を降して初優勝。岐阜商の鍛治舎巧選手が大会甲子園通算100号ホーマー、浪商が史上2度目のチーム1試合3本塁打を記録。出場26校。
春,第42回（昭和45年）,史上5回目の近畿勢決戦は、箕島が延長12回で北陽を振り切ってサヨナラ優勝。
春,第43回（昭和46年）,選考基準を明文化。選外優秀校を廃して補欠校に一本化。史上初の東京・大阪決戦は、日大三が2―0で大鉄を降して優勝。普天間が弘前に勝って、沖縄勢にとって初のセンバツ1勝。
春,第44回（昭和47年）,事故防止策として耳つきヘルメット着用を義務づける。ベスト4を東日本勢で独占、日大三―日大桜丘による゛兄弟決戦、は、ジャンボ・仲根正広の力投で桜丘が優勝。出場27校。
春,第45回（昭和48年）,日大山形（山形）が出場してセンバツ空白県消える。作新学院の江川卓投手が60奪三振、43年ぶりに大会記録更新。優勝した横浜のスラッガー・長崎誠が史上初のサヨナラ満塁ホーマーを記録。出場30校。
春,第46回（昭和49年）,地元の報徳学園が〝イレブン旋風〟の池田を抑えて優勝。広島商が1試合14盗塁のレコードを立てながら大分商に敗退。
春,第47回（昭和50年）,金属バットが初登場。春夏を通して高知が、高知県勢一番ヤリの全国制覇達成。出場29校。
春,第48回（昭和51年）,第10回、第40回同様、史上最多の13校が初出場、新風吹き荒れるそのなかから崇徳が抜け出して優勝。第8回の広島商以来、広島県勢としては45年ぶり2度目の快挙。出場30校。
春,第49回（昭和52年）,〝二十四の瞳〟中村が大暴れ。決勝で箕島に惜敗。準々決勝の中村－天理戦でセンバツ通算1000試合を数える。
春,第50回（昭和53年）,前橋の松本稔投手が春夏の甲子園史上初の完全試合達成、さらに大会甲子園通算l50ホーマーも出て記念大会を飾る。浜松商が初優勝。
春,第51回（昭和54年）,箕島の尾藤公監督が監督として大会初の3回優勝。夏も制して史上3校目の春夏連覇。阿部慶二選手（PL学園）が大会通算個人最多本塁打3本、北野敏史選手（箕島）が大会初のサイクル安打をマークした。
春,第52回（昭和55年）,高知商・中西、帝京・伊東の投げ合いとなった優勝戦は、高知商が延長十回サヨナラで初優勝。
春,第53回（昭和56年）,PL学園が9回2点差をはねのけて逆転サヨナラで初優勝。PL学園主将、吉村禎一選手は東海大工戦で大会甲子園通算200号本塁打。
春,第54回（昭和57年）,PL学園が戦後初の2連覇達成。中京が二回戦で大成を降して前人未到の甲子園100勝をマークした。
春,第55回（昭和58年）,第 l0回大会以来50年ぶりに出場校が32校に増え、以後この32校が定着する。前年夏の覇者、池田が大会を制して第33回大会（昭和36年）の法政二以来史上4校目の夏春連覇。藤王康晴選手（享栄）が連続出塁l1の大会新記録。大会委員長（日本高等学校野球連盟会長）の講評始まる。
春,第56回（昭和59年）,出場32校中史上最多のl6校が初陣というフレッシュ大会は岩倉がPL学園の夏春連覇を阻んで初出場初優勝。PL学園の1試合6本塁打をはじめ大会新の30 本塁打が飛びかい、ワンバウンドのフェンス越え二塁打を塁審が本塁打と誤認する一幕も。あおりを受けて、外野フェンスの優勝校名板が撤去されることになった。
春,第57回（昭和60年）,伊野商が前回の岩倉に続いて初出場初優勝。大会直前、金属バットの安全性が問題化、バットの回収騒ぎなどもあり、本塁打が前年の30本から18本に減少。
春,第58回（昭和61年）,池田が初陣の宇都宮南に打ち勝ち2回目の優勝。3年連続の初出場優勝はならなかった。初出場の新湊が富山県勢初のベスト4進出。
春,第59回（昭和62年）,PL学園が一回戦から決勝まで5試合すべてを継投で乗り切り5年ぶりの優勝。夏の甲子園も制して史上4校目の春夏連覇。八戸工大一が青森県勢としてはl8年ぶりの甲子園勝利を飾った。
春,第60回（昭和63年）,〝還暦〟の記念大会とあって史上最多の34校が出場。阪神甲子園球場のラッキーゾーンが2.5メートル後退してグラウンドが広くなった。浩宮さまをお迎えしての開会式。宇和島東が初出場初優勝、東邦は47年ぶりの大旗を逃した。
春,第61回（平成元年）,東邦が昭和16年以来4度目の優勝。佐賀竜谷の田代広之選手が甲子園大会春夏通算1000号ホ－マ－。
春,第62回（平成2年）,近大付が初優勝、大阪勢の優勝は3年ぶり7度目。新田の池田幸徳選手が史上2本目の逆転サヨナラ本塁打。
春,第63回（平成3年）,選考基準を改正、全国高等学校野球選手権大会終了後、本大会までに対外試合禁止処分を受けた学校は出場候補校とはしないと明文化。広陵が65年ぶり2度目の優勝。
春,第64回（平成4年）,ラッキーゾーンが撤去され、両翼5m、最深部で8m広くなった。本塁打が前年から11本減って7本に、三塁打は14本増えて30本になった。選抜発祥の地に記念碑を建立。
春,第65回（平成5年）,新大会歌「今ありて」（作詞･阿久悠　作曲･谷村新司）を制定。森山真弓文部大臣、女性初の始球式。
春,第66回（平成6年）,出場校の投手関節機能検査の実施。複数投手制の奨励でベンチ入り選手数が1名増員され16人に。3月15日以降、出場校の練習試合が解禁。金沢の中野真博投手が史上二人目の完全試合達成。
春,第67回（平成7年）,阪神･淡路大震災2ヶ月後の大会開催で、地元に迷惑をかけないように配慮、ブラスバンドなど鳴り物の応援禁止。4試合日を減らし、会期を10日間から11日間に。組み合わせ抽選会は大会2日前から3月15日に繰り上げ、変更。
春,第68回（平成8年）,鹿児島実が優勝、春夏通じて鹿児島県勢が初の栄冠。大会通算本塁打は5本で金属製バット導入以降最少となる。組み合わせ方法を東西対抗から地区別対抗に変更。
春,第69回（平成9年）,記録員のベンチ入り承認。球審のボ－ルカウントのコ－ルをストライク先行からボ－ル先行に変更。
春,第70回（平成10年）,選考委員会の日程を2月1日から1月31日に変更。史上最多の36校が出場。開･閉会式の司会者に高校生を起用し、学校応援団を対象に応援団賞を設ける。
春,第71回（平成11年）,沖縄尚学が初優勝し、沖縄県に初めて紫紺の優勝旗がもたらされた。大会期間中の第１試合前に近畿圏の小中学生が始球式を行う。１回戦で試合中に全校の校歌を場内放送。
春,第72回（平成12年）,東海大相模が3度目の優勝戦進出で初優勝。準優勝の智弁和歌山は大会通算最多塁打記録を塗り替える。
春,第73回（平成13年）,「困難の克服」「模範的マナー」など指針にした「21世紀枠」が新設され、34校が出場。21世紀枠進出の安積は接戦で初戦敗退したが、宜野座はベスト4に進出して話題を集めた。
春,第74回（平成14年）,重量を制限した新基準バットが導入された。報徳学園が28年ぶりの頂点に。2年目の21世紀枠で出場の鵡川も初戦に勝利した。
春,第75回（平成15年）,「神宮大会枠」と守備のデータを重視して補欠1位校から選ぶ「希望枠」を新設。34校の参加。準々決勝の花咲徳栄―東洋大姫路は延長15回制になって初の引き分け再試合となった。
春,第76回（平成16年）,ベンチ入りが18人に。済美が最速の創部3年目で初出場初優勝。希望枠の秋田商が2試合連続完封で8強入り。東北・ダルビッシュ投手が12人目のノーヒット・ノーランを達成した。この大会から阪神甲子園球場のラバーフェンスが従来より軟質で安全性の高いものに衣替え。
春,第77回（平成17年）,「喜寿」の大会は阪神大震災から10年、戦後60年という節目を迎えた。前回準優勝の愛工大名電が念願の初優勝。一迫商が21世紀枠で3校目の初戦突破を飾った。
春,第78回（平成18年）,横浜が21－0の決勝戦最多得点差をつけて長崎県勢として初めて決勝戦まで駒を進めた清峰を破り、3回目の優勝。日本最南端の八重山商工が初出場初勝利。2回戦で早稲田実―関西が3年ぶり2回目の延長15回引き分け再試合となった。
春,第79回（平成19年）,48年ぶりとなった東海勢同士の決勝は常葉菊川が大垣日大を破り、初優勝。静岡県勢の優勝は第50回の浜松商以来29年ぶり。大垣日大は希望枠選出校で初めて決勝に進んだ。
春,第80回（平成20年）,傘寿の記念大会は、第1期リニューアル工事を終えた阪神甲子園球場の初イベントとなり、21世紀枠3校、希望枠1校、神宮大会枠2校を含む36校が出場。21世紀枠が採用8年目で初めてそろって初戦を突破。沖縄尚学が初陣・聖望学園を破り、9年ぶり2回目の優勝を飾った。
春,第81回（平成21年）,清峰・今村、花巻東・菊池の両エースによる投手戦を制した清峰が、長崎県勢として春夏通じて初の優勝を飾った。花巻東と利府の東北勢2校がそろってベスト4に進んだのも大会史上初めて。
春,第82回（平成22年）,史上初めて2校出場となった沖縄勢。このうち、投打のかみ合った興南が強豪を次々破って勝ち上がり、決勝では日大三を延長戦の末に下して初優勝を飾った。近畿勢は史上初めて昨年夏から2季連続でベスト8に残れなかった。
春,第83回（平成23年）,東日本大震災の12日後に開幕。「がんばろう！日本」をスローガンに、被災者・救助救援に携わる方を応援する大会とした。開会式の入場行進は中止、鳴り物応援を禁止するなど、被災地に最大限配慮して開催した。優勝は東海大相模。
春,第84回（平成24年）,21世紀枠として震災被害の大きかった石巻工が選ばれるなど、東北から４校が出場。光星学院が前年夏の選手権大会に続き東北初の優勝を目指して決勝戦に臨んだが惜敗。大阪桐蔭が優勝に輝いた。
春,第85回（平成25年）,決勝戦は、浦和学院（埼玉）が済美（愛媛）を17対1で下し悲願の初優勝。
春,第86回（平成26年）,決勝戦は、最多出場38回の龍谷大平安（京都）が履正社（大阪）を6対2で下し初優勝を果たす。
春,第87回（平成27年）,ともに初優勝に挑んだ敦賀気比（福井）対東海大四（北海道）の決勝戦は3－1で敦賀気比が勝利し、福井県勢としても初めての優勝を飾る。
夏,第1回（大正4年）,東北，東海，京津，関西，兵庫，山陽，山陰，四国，九州の9地区で予選，春の東京都下大会優勝の早稲田実を加えて10代表校参加。豊中球場で開催。完全な野球規則がないため，11ヵ条の規則決定。試合前後の礼式（あいさつ）を採用，優勝校には優勝旗，全選手に参加章を贈り，旅費は朝日新聞社が負担。
夏,第2回（大正5年）,野球審判協議会を設けて野球規則を完成。北陸大会を新設，関西を大阪，紀和に分割して12地区に増加。敗者復活戦制度を採用。球場に救護班設置。
夏,第3回（大正6年）,会場を西宮市鳴尾に移す。初の入場式。
夏,第4回（大正7年）,関東から京浜を分離，甲信大会を新設し代表は14校に。代表決定後に米騒動で全国大会中止。
夏,第5回（大正8年）,敗者復活戦を廃止，トーナメント方式勝ち抜き戦を採用。
夏,第6回（大正9年）,新たに北海道大会を設け，代表は15校に。
夏,第7回（大正10年）,満州，朝鮮大会を新設，l7代表校に。本大会出場選手には滞在費も支給。本塁打10本を記録。
夏,第8回（大正11年）,選手資格を，転校編入後2学期以降のもの，校医の健康診断書が必要などと決定。和歌山中連勝。
夏,第9回（大正12年）,台湾参加，京浜から東京を分離して代表は19校。準決勝で超満員の観衆がグラウンドになだれ込む。優勝校にレプリカを贈る。初の祝賀飛行。
夏,第10回（大正13年）,阪神甲子園球場完成。大球場も3日目で超満員となり入場お断りの掲示が出る。指定席券発売。本塁打19本記録。静岡中･田中一塁手が初の満塁本塁打。
夏,第11回（大正l4年）,東北，奥羽，南北九州大会の分離新設で代表21校に。国旗と大会旗の掲揚始まる。初めて四国ヘ優勝旗。大阪放送局(JOBK)が試合経過をラジオ放送。
夏,第12回（大正15年）,大会歌制定。関東大会分離し代表22校。準々決勝静岡中－前橋中が19回延長戦。応援の態度乱れ応援団禁止。大阪と京都でプレヨグラフ速報始まる。
夏,第13回（昭和2年）,JOBKが実況放送開始。選手に傷害保険，地方大会でも応援禁止。
夏,第14回（昭和3年）,出場選手は補欠を含め14人以内に制限。
夏,第15回（昭和4年）,阪神甲子園球場にアルプススタンド完成。
夏,第16回（昭和5年）,参加校500校を超える。広島商連勝。
夏,第17回（昭和6年）,アルプススタンドにも大屋根できる。
夏,第18回（昭和7年）,文部省が野球統制令。地方大会は第1次（道府県別）第2次（地区別）の各大会制となる。
夏,第19回（昭和8年）,準優勝で中京商－明石中の延長25回大熱戦。中京商が3連勝の偉業を達成。審判は4人制に。
夏,第20回（昭和9年）,阪神甲子園球場前に20回記念の野球塔建立。
夏,第21回（昭和10年）,入場式に中学生のブラスバンド登場。
夏,第22回（昭和11年）,外野スタンド改装，完全なスリバチ型に。
夏,第23回（昭和l2年）,第1回大会からの委員長荒木寅三郎氏が枢密顧問官に就任。委員長を辞し中沢良夫氏に代わる｡
夏,第24回（昭和13年）,戦時色日ましに濃く武士道精神の宣誓｡
夏,第25回（昭和14年）,海草中の嶋投手が5試合を完封し優勝。
夏,第26回（昭和15年）,戦時体制となり，大会も全日本中等学校体育競技総力大会の一部門として開催。海草中連勝。
夏,第27回（昭和16年）,戦局深刻化，文部省次官通達で地方大会半ばで中止。昭和l7年～20年第2次世界大戦のため中絶。この問、阪神甲子園球場の屋根は金属供出で取り壊す。
夏,第28回（昭和21年）,全国中等学校野球連盟を結成，朝日新聞社と共催で阪急西宮球場に大会再開。朝鮮，満州，台湾各大会は消滅し代表校は19。予想を上回って参加745校。
夏,第29回（昭和22年）,"会場は7年ぶり阪神甲子園球場に。参加校数は1,000校を突破。小倉中優勝，優勝旗は初めて九州へ。"
夏,第30回（昭和23年）,学制改革により全国高等学校野球選手権大会と改める。神奈川，愛知，福岡を独立，四国を南北に分割して代表は23校。このほか山陽，山陰を東西中国に編成替えした。公募で新大会歌を制定。小倉の福島投手が全5試合を完封して小倉の連続優勝なる。
夏,第31回（昭和24年）,入場式で女子高校生による先導始まる。阪神甲子園球場にラッキーゾーン新設。ボールの質も改良され，合計9本の本塁打を記録。湘南優勝で，優勝旗は14回大会の松本商以来21年ぶり東日本チームヘ。
夏,第32回（昭和25年）,"参加校は1,500校突破。四国同士の決勝。"
夏,第33回（昭和26年）,球場にアルミニウムの大屋根が復活。
夏,第34回（昭和27年）,組み合わせ方法が変わり，2回戦以後は回戦ごとに改めて抽選，相手校を決める。ユ二ホ－ムに背番号をつける。民間放送初のラジオ実況開始。
夏,第35回（昭和28年）,NHKテレビが初実況中継。ハワイの高校生と2年ごとの親善交流が決まり初の選抜チーム来日。滋賀県から初代表校（八日市）。
夏,第36回（昭和29年）,ただひとつの全国大会不出場県宮崎から高鍋が出場。中京商で優勝旗紛失，85日ぶりに発見。
夏,第37回（昭和30年）,大会後，選抜チームが初のハワイ遠征。
夏,第38回（昭和31年）,ヘリコプターで始球式球投下。5月に夜間照明塔完成し，大会第1日第3試合で初ナイター。
夏,第39回（昭和32年）,雨中の開会式。広島商，4回目の優勝。
夏,第40回（昭和33年）,40回を記念し各都道府県から1校ずつ、沖縄代表を含め47校参加。甲子園，西宮両球場使用。準々決勝で徳島商－魚津が延長18回引き分け・再試合の熱戦。徳島商の板東投手は6試合で奪三振83個を記録。傷みがひどいため新調された大優勝旗は柳井に。
夏,第41回（昭和34年）,地方大会を編成替え。長野，静岡，広島が単独出場，北海道を南北に分け、代表29校に。皇太子さま（いまの天皇陛下）を迎えて開会式。選抜チーム，初めて米本土でも試合。
夏,第42回（昭和35年）,鹿児島県も単独出場となり30代表校に。
夏,第43回（昭和36年）,倉敷工－報徳が”奇跡の逆転”。銚子商－法政一で銚了商の柴が初のサヨナラ本塁打。
夏,第44回（昭和37年）,作新学院ついに史上初の春夏連続優勝。沖縄高は宮崎大淀を破り、初の自力甲子園出場なる。
夏,第45回（昭和38年）,"2回目の記念大会。参加校数も2,000校の大台を超える。台風の余波で雨の開会式。沖縄代表(首里)が大会で初勝利。"
夏,第46回（昭和39年）,選手はすべて戦後生まれに。
夏,第47回（昭和40年）,NHKがカラーテレビで初中継。三池工が工業校初の優勝。1月、飛田穂洲氏死去。
夏,第48回（昭和41年）,中京商が44回大会の作新学院につぎ2回目の春夏連続優勝，優勝も6回目。中沢良夫日本高等学校野球連盟会長死去し，佐伯達夫副会長が会長代理に。
夏,第49回（昭和42年）,日本高等学校野球連盟会長に佐伯達夫氏就任。
夏,第50回（昭和43年）,球史半世紀を祝う記念大会。48代表参加。開会式に皇太子ご夫妻（いまの天皇・皇后両陛下）ご出席。入場行進の先頭に歴代優勝校の校旗行進。沖縄代表興南が 3勝して準決勝へ進出、気をはく。興国初優勝。大会記念の記録映画“青春”を市川崑監督で制作。大阪市西区に中沢記念野球会館が完成。
夏,第51回（昭和44年）,"地方大会参加2,500校突破。松山商―三沢が大会史上初の，決勝引き分け再試合の熱戦。大会後，選抜チームがブラジル，ペルー，米国へ遠征。"
夏,第52回（昭和45年）,東海大相模が強打で優勝。4試合でスクイズなしの珍しい記録をつくる。
夏,第53回（昭和46年）,桐蔭学園が初出場で優勝。2年連続で優勝旗は神奈川へ。
夏,第54回（昭和47年）,津久見が中九州勢として初優勝。韓国へ初の選抜チーム派遣。
夏,第55回（昭和48年）,4回目の記念大会で，48校が出場。接戦が相次ぎ，1点差試合19，延長戦8の新記録。北陽・有田投手の大会通算18回目の無安打無得点試合を含む完封試合26も新記録。決勝は58000人の最多観衆。
夏,第56回（昭和49年）,金属製バット初登場。技術革命起こる。
夏,第57回（昭和50年）,打撃の記録ラッシュ。打高投低顕著に。
夏,第58回（昭和51年）,初出場の桜美林が優勝。大正5年慶応普通以来60年ぶりに東京へ深紅の優勝旗が舞い戻る。
夏,第59回（昭和52年）,25年ぶりに地元兵庫勢が優勝。東洋大姫路は，大会史上初めて，決勝でサヨナラ3点本塁打を記録。
夏,第60回（昭和53年）,"60 回大会を記念して，全都道府県から1校ずつ代表（東京，北海道は各2校）が出場することになった。試合数が増えたことで登録選手が1人増え，15人に。また各地方大会の優勝旗は紫紺だったのが5年がかりで作りかえられて，すべて全国大会と同じ深紅となった。参加校は3,000校を突破。"
夏,第61回（昭和54年）,箕島が48回大会の中京商以来3回目の春夏連覇。滋賀県勢（比叡山）がl0度目の出場で初勝利。
夏,第62回（昭和55年）,3月，佐伯達夫日本高等学校野球連盟会長死去し，牧野直隆副会長が会長代理に。
夏,第63回（昭和56年）,日本高等学校野球連盟会長に牧野直隆氏就任。
夏,第64回（昭和57年）,筋力トレーニング採用の池田が猛打で優勝。金属製バット向きの上半身強化がブームになる。
夏,第65回（昭和58年）,65回大会記念事業として「白球の森」づくり計画。PL学園が5年ぶり2度目の優勝をとげた。これで大阪代表は第45回，50回，60回に続き4度目の優勝で，記念大会に強いの印象を残す。
夏,第66回（昭和59年）,"取手二が，茨城勢として初優勝。地方大会参加3,700校を突破する。"
夏,第67回（昭和60年）,PL学園が3度目の優勝。大阪勢は通算100勝を突破。日米韓三国親善野球大会を初開催。
夏,第68回（昭和61年）,天理が奈良勢として初優勝。
夏,第69回（昭和62年）,"PL学園が61回大会の箕島以来史上4回目の春夏優勝。地方大会参加校は3,900台に。"
夏,第70回（昭和63年）,70回記念大会。広島商が6度目の優勝，中京に並ぶ。始球式は浩宮(いまの皇太子)さま。日米韓三国親善野球，ブラジル遠征。大会発祥地の豊中球場跡に高校野球メモリアルパーク誕生。
夏,第71回（平成元年）,帝京が5試合を1失点で初優勝し、東京に13年ぶり3度目の栄冠。仙台育英が東北勢4校目の決勝進出。
夏,第72回（平成2年）,"地方大会の参加校数が初めて四千の大台（4,027校）に。沖縄勢が第40回記念大会に初めて甲子園に出てから32年目で、沖縄水産が県勢初の決勝進出。優勝は4年ぶり2度目の天理。通算2000試合目、700号本塁打の歴史が刻まれ、総入場者数は92万9千人で初めて90万人を突破。"
夏,第73回（平成3年）,大阪桐蔭が15年ぶり14校目の初出場初優勝を達成。沖縄水産は2年続けて決勝で涙を飲む。
夏,第74回（平成4年）,西日本短大付が初優勝し、福岡に27年ぶりの栄冠。森尾投手は6試合を一人で投げ、わずか1失点。甲子園のラッキーゾーン撤去。
夏,第75回（平成5年）,記念大会。育英が30犠打、45四死球の大会新記録を打ち立てて初優勝し、地元・兵庫に12年ぶりの大優勝旗。投手の肩・ひじ検診がスタート。全日本選抜チームが初の欧州派遣。鳴尾球場跡地に記念碑完成。
夏,第76回（平成6年）,決勝は史上初の九州勢対決。佐賀商が9回、西原主将の満塁本塁打で、佐賀県勢初優勝。準優勝の樟南、柳ケ浦とベスト4に九州勢3校。複数投手制の推進で登録選手が16人に。
夏,第77回（平成7年）,戦後50年目の大会。1月17日の阪神淡路大震災の傷跡が生々しく残り、選手、応援団は電車で甲子園へ往復。抽選方法を改定し、第1回抽選で3回戦までの組み合わせを決定。優勝は6年ぶり2度目の帝京。星稜が北陸初の頂点にあと一歩と迫る準優勝。理学療法士のサポ－トが始まり、アイシングやク－ルダウンの指導が大会中始まる。
夏,第78回（平成8年）,"古豪対決の決勝。松山商が延長11回の熱戦を制し、27年ぶり5度目の優勝。熊本工は3度目の決勝進出も悲願達成ならず。地方大会の参加校数が4,089校で、戦後初めて減少。記録員がベンチ入りし、女子マネジャーも参加。"
夏,第79回（平成9年）,智弁和歌山が大会新のチーム打率4割6厘で初優勝。準優勝は4度目の古豪・平安。参加校数が再び増え、4校増の4093校に。開・閉会式の先導、司会を初めて高校生が務めた。全日本選抜チームが2度目のブラジル派遣。
夏,第80回（平成10年）,"記念大会。6府県が2代表制となり、史上最多の55代表校が甲子園に。横浜が18年ぶり2度目の優勝で、史上5校目の春夏連覇を果たした。横浜の松坂投手は 59年ぶり2人目となる決勝での無安打無得点試合を達成。無安打無得点試合は鹿児島実の杉内投手も1回戦で記録した。明徳義塾の藤本選手が準決勝で史上4 人目のサイクル安打。参加校数は史上最多の4,102校。第1回優勝の京都二中の流れをくむ鳥羽・藤森主将が入場行進の先導役と始球式を務め、開会式の行進に第1回から皆勤の15校の主将が参加した。"
夏,第81回（平成11年）,桐生第一が群馬県勢として初優勝。決勝まで6試合の防御率は1.00。全日本選抜チームを米国東部に初めて派遣。
夏,第82回（平成12年）,チーム打率4割を越える強打で、智弁和歌山が3年ぶり2回目の優勝。光星学院が、青森勢としては三沢以来31年ぶりに4強入り。大会通算試合数2500を突破。8日目の入場者数8万3千人は、最多タイ記録。
夏,第83回（平成13年）,21世紀初の大会。日大三が大会新記録のチーム打率4割2分7厘で初優勝。西東京代表の優勝は58回の桜美林以来。準優勝の近江は滋賀勢としては初の決勝進出。この大会から、選手宣誓は希望する各校主将の中から抽選で選出した。
夏,第84回（平成14年）,明徳義塾が計26犠打を生かして初優勝。四国代表4校がそろって8強入り。この大会から、閉会式の優勝、準優勝のプラカードを、開会式と同じ市立西宮高の女子生徒が持って先導することになった。
夏,第85回（平成15年）,記念大会。東日本対決を制し常総学院が初優勝。東北は準優勝に終わり、またも、大優勝旗は白川越えを果たせず。本塁打の甲子園1千号（桐生第一・菊池）はランニング。優れた指導者を表彰する「イヤー・オブ・ザ・コーチ」始まる。この大会から代表校に大会参加案内ビデオを作成し配布。
夏,第86回（平成16年）,駒大苫小牧が北海道勢として初の優勝。大優勝旗が一気に津軽海峡を越え、北の大地に渡った。駒大苫小牧・林選手は準々決勝で史上2人目のサイクル安打を達成。春夏連続優勝を目ざした創部3年目の済美は準優勝。東日本の6校が8強に進出。
夏,第87回（平成17年）,駒大苫小牧が54年ぶり6校目の2連覇。チーム打率4割4分8厘は大会記録。関西勢2校が5大会ぶりに4強に進出。明徳義塾が暴力事件で出場辞退し、高知が代表に。優勝決定後の駒大苫小牧でも指導者の暴力事件が発覚し、指導者の違反規定の見直しへ。
夏,第88回（平成18年）,37 年ぶりの決勝引き分け再試合を制し、早稲田実が初優勝。史上2校目の3連覇を目指した駒大苫小牧は準優勝に終わった。日大山形は山形県勢として初の8強入りを果たした。春夏連覇を狙った横浜は初戦で敗退。1大会60本塁打は新記録。地方大会は長雨に泣かされ、主催者は「球場確保や審判員の確保などにさらに尽力し、チームはコンディション調整に注意を」などとする異例のメッセージを出した。
夏,第89回（平成19年）,佐賀北が決勝では史上初の逆転満塁本塁打で広陵を下し、初優勝。公立校としては11年ぶりの頂点に立った。九州勢の頑張りが目立ち、8強に3校が進んだ。逆に地元近畿勢は3回戦までで姿を消した。春夏連覇を狙った常葉菊川は準決勝で敗退。
夏,第90回（平成20年）,記念大会として10年ぶりに6府県が2代表制となり、55代表が甲子園に集った。大会を制したのは大阪桐蔭。決勝史上最多となる21安打の猛打で、17年ぶり2度目の栄冠を手にした。「打高投低」が顕著で、攻撃面で大会記録が多く生まれた。満塁本塁打は1大会最多の5本。総安打数は前回55代表だった80回記念大会の1024本を55本上回る1079本だった。開会式前の記念イベントでは、甲子園史に名を刻んだ中西太さん、板東英二さん、桑田真澄さんら11 人が当時のユニフォーム姿で登場、大会の歴史を次世代へとつないでいこうという願いを込め、100組の親子たちとキャッチボールをする「甲子園レジェンズ」が行われた。
夏,第91回（平成21年）,中京大中京が中京商時代を含め43年ぶりに優勝し、史上最多となる7度目の栄冠をつかんだ。準優勝の日本文理は過去8強が3度だけだった新潟勢の最高成績を塗り替えた。決勝の9回、2死走者なしからの猛反撃は高校野球史上に輝く。
夏,第92回（平成22年）,興南が沖縄勢として初の全国制覇を飾り、史上6校目となる春夏連覇も達成した。首里が沖縄勢として初めて甲子園の土を踏んでから52年、夏の頂点は沖縄の悲願だった。準優勝は33年ぶり出場の東海大相模。
夏,第93回（平成23年）,日大三が全試合2桁安打の圧倒的な力で10年ぶり2度目の優勝を果たした。準優勝は光星学院。第51回の三沢以来、青森勢として42年ぶりに決勝へ進んだ。
夏,第94回（平成24年）,史上初となった春夏同一校の決勝戦は、大阪桐蔭（大阪）が光星学院（青森）を3-0で下し、4年ぶり3度目の優勝。また、史上7校目となる春夏連覇を成し遂げる。
夏,第95回（平成25年）,初出場の前橋育英（群馬）が決勝戦で延岡学園（宮崎）に4-3で勝利し初優勝。
夏,第96回（平成26年）,大阪桐蔭（大阪）が決勝戦で三重（三重）に4－3で勝利し2年ぶり4回目の優勝。
